[
  { "q": "¿Cuál es la molécula que almacena información genética en la mayoría de los seres vivos?", "options": ["ARN", "ADN", "Proteína", "Lípido"], "answer": 1, "difficulty": "easy", "img": "" },
  { "q": "¿Qué órgano bombea la sangre en el cuerpo humano?", "options": ["Pulmón", "Riñón", "Corazón", "Hígado"], "answer": 2, "difficulty": "easy", "img": "" },
  { "q": "¿Cuál es el planeta más cercano al Sol?", "options": ["Venus", "Mercurio", "Tierra", "Marte"], "answer": 1, "difficulty": "easy", "img": "" },
  { "q": "El agua hierve a presión atmosférica normal a:", "options": ["0 °C", "50 °C", "100 °C", "212 °C"], "answer": 2, "difficulty": "easy", "img": "" },
  { "q": "¿Qué gas respiran principalmente los humanos para vivir?", "options": ["Nitrógeno", "Oxígeno", "Dióxido de carbono", "Helio"], "answer": 1, "difficulty": "easy", "img": "" },
  { "q": "Unidad básica de la vida:", "options": ["Átomo", "Molécula", "Célula", "Tejido"], "answer": 2, "difficulty": "easy", "img": "" },
  { "q": "¿Cuál es el órgano donde ocurre la fotosíntesis?", "options": ["Raíces", "Flores", "Hojas", "Tallos"], "answer": 2, "difficulty": "easy", "img": "" },
  { "q": "Símbolo químico del sodio:", "options": ["So", "Na", "Sd", "Sn"], "answer": 1, "difficulty": "easy", "img": "" },
  { "q": "¿Qué partícula subatómica tiene carga negativa?", "options": ["Protón", "Neutrón", "Electrón", "Positrón"], "answer": 2, "difficulty": "easy", "img": "" },
  { "q": "¿Qué fuerza nos mantiene sobre la superficie terrestre?", "options": ["Fricción", "Gravedad", "Tensión", "Elástica"], "answer": 1, "difficulty": "easy", "img": "" },
  { "q": "El órgano que filtra la sangre y produce orina es el:", "options": ["Hígado", "Riñón", "Páncreas", "Bazo"], "answer": 1, "difficulty": "easy", "img": "" },
  { "q": "¿Cómo se llama el proceso por el cual las plantas producen su alimento?", "options": ["Respiración", "Digestión", "Fotosíntesis", "Fermentación"], "answer": 2, "difficulty": "easy", "img": "" },
  { "q": "El número atómico de un elemento es el número de:", "options": ["Electrones de valencia", "Protones", "Neutrones", "Isótopos"], "answer": 1, "difficulty": "easy", "img": "" },
  { "q": "¿Cuál es el satélite natural de la Tierra?", "options": ["Fobos", "Luna", "Titán", "Europa"], "answer": 1, "difficulty": "easy", "img": "" },
  { "q": "Unidad del Sistema Internacional para la longitud:", "options": ["Pulgada", "Pie", "Metro", "Yarda"], "answer": 2, "difficulty": "easy", "img": "" },
  { "q": "¿Qué vitamina se obtiene principalmente con la exposición al sol?", "options": ["Vitamina A", "Vitamina B12", "Vitamina C", "Vitamina D"], "answer": 3, "difficulty": "easy", "img": "" },
  { "q": "¿Cuál es el metal líquido a temperatura ambiente?", "options": ["Plata", "Mercurio", "Sodio", "Cobre"], "answer": 1, "difficulty": "easy", "img": "" },
  { "q": "Los huesos se unen entre sí en las:", "options": ["Neuronas", "Articulaciones", "Sarcomeras", "Alvéolos"], "answer": 1, "difficulty": "easy", "img": "" },
  { "q": "¿Cuál es la estrella más cercana a la Tierra?", "options": ["Sirio", "Proxima Centauri", "Sol", "Vega"], "answer": 2, "difficulty": "easy", "img": "" },
  { "q": "¿Qué órgano produce la insulina?", "options": ["Estómago", "Tiroides", "Páncreas", "Hígado"], "answer": 2, "difficulty": "easy", "img": "" },
  { "q": "¿Cómo se llama la capa externa de la Tierra?", "options": ["Núcleo", "Manto", "Corteza", "Astenosfera"], "answer": 2, "difficulty": "easy", "img": "" },
  { "q": "El pH de una solución neutra es aproximadamente:", "options": ["0", "3", "7", "14"], "answer": 2, "difficulty": "easy", "img": "" },
  { "q": "¿Cuál es el estado de la materia que no tiene volumen ni forma definidos?", "options": ["Sólido", "Líquido", "Gas", "Plasma"], "answer": 2, "difficulty": "easy", "img": "" },
  { "q": "¿Qué órgano es responsable del intercambio de gases en humanos?", "options": ["Corazón", "Pulmones", "Riñones", "Hígado"], "answer": 1, "difficulty": "easy", "img": "" },
  { "q": "¿Cómo se llaman los organismos que producen su propio alimento?", "options": ["Heterótrofos", "Autótrofos", "Parásitos", "Descomponedores"], "answer": 1, "difficulty": "easy", "img": "" },
  { "q": "Unidad para medir la fuerza:", "options": ["Newton", "Joule", "Watt", "Pascal"], "answer": 0, "difficulty": "easy", "img": "" },
  { "q": "¿Qué planeta es conocido como el planeta rojo?", "options": ["Marte", "Júpiter", "Saturno", "Urano"], "answer": 0, "difficulty": "easy", "img": "" },
  { "q": "¿Cuál es la molécula principal del aire?", "options": ["O2", "CO2", "N2", "Ar"], "answer": 2, "difficulty": "easy", "img": "" },
  { "q": "¿Qué tejido transporta agua en las plantas?", "options": ["Floema", "Xilema", "Parénquima", "Epidermis"], "answer": 1, "difficulty": "easy", "img": "" },
  { "q": "¿Cómo se llama el proceso de cambio de líquido a gas en la superficie?", "options": ["Ebullición", "Evaporación", "Condensación", "Sublimación"], "answer": 1, "difficulty": "easy", "img": "" },
  { "q": "El grupo sanguíneo universal donante es:", "options": ["A", "B", "AB", "O negativo"], "answer": 3, "difficulty": "easy", "img": "" },
  { "q": "¿Qué partícula del átomo tiene carga positiva?", "options": ["Electrón", "Protón", "Neutrón", "Fotón"], "answer": 1, "difficulty": "easy", "img": "" },
  { "q": "La unidad de energía en el SI es:", "options": ["Watt", "Joule", "Caloría", "Volt"], "answer": 1, "difficulty": "easy", "img": "" },
  { "q": "¿Qué órgano humano es el más grande por superficie?", "options": ["Pulmón", "Hígado", "Piel", "Intestino delgado"], "answer": 2, "difficulty": "easy", "img": "" },
  { "q": "¿Qué tipo de enlace se forma por compartir electrones?", "options": ["Iónico", "Covalente", "Metálico", "Puente de hidrógeno"], "answer": 1, "difficulty": "easy", "img": "" },
  { "q": "El ciclo del agua incluye evaporación, condensación y:", "options": ["Oxidación", "Precipitación", "Sublimación", "Neutralización"], "answer": 1, "difficulty": "easy", "img": "" },
  { "q": "¿Cómo se llama la fuerza que se opone al movimiento relativo de superficies?", "options": ["Gravedad", "Fricción", "Empuje", "Tensión"], "answer": 1, "difficulty": "easy", "img": "" },
  { "q": "La Tierra tarda en dar una vuelta alrededor del Sol aproximadamente:", "options": ["1 día", "1 mes", "1 año", "10 años"], "answer": 2, "difficulty": "easy", "img": "" },
  { "q": "¿Qué órgano almacena la bilis?", "options": ["Hígado", "Páncreas", "Vesícula biliar", "Bazo"], "answer": 2, "difficulty": "easy", "img": "" },
  { "q": "¿Cuál es la carga del neutrón?", "options": ["Positiva", "Negativa", "Nula", "Variable"], "answer": 2, "difficulty": "easy", "img": "" },
  { "q": "¿Qué planeta posee grandes anillos visibles?", "options": ["Júpiter", "Saturno", "Urano", "Neptuno"], "answer": 1, "difficulty": "easy", "img": "" },
  { "q": "El fenómeno que separa la luz blanca en colores es:", "options": ["Interferencia", "Difracción", "Dispersión", "Reflexión"], "answer": 2, "difficulty": "easy", "img": "" },
  { "q": "¿En qué orgánulo ocurre la respiración celular aeróbica?", "options": ["Cloroplasto", "Mitocondria", "Ribosoma", "Retículo endoplasmático"], "answer": 1, "difficulty": "easy", "img": "" },
  { "q": "¿Cuál es el principal gas de efecto invernadero emitido por la actividad humana?", "options": ["N2", "O2", "CO2", "Ne"], "answer": 2, "difficulty": "easy", "img": "" },
  { "q": "El esqueleto humano está compuesto principalmente por:", "options": ["Cartílago", "Hueso", "Músculo", "Colágeno puro"], "answer": 1, "difficulty": "easy", "img": "" },
  { "q": "Unidad para medir la frecuencia:", "options": ["Hertz", "Newton", "Joule", "Tesla"], "answer": 0, "difficulty": "easy", "img": "" },
  { "q": "¿Qué tipo de sangre es receptor universal?", "options": ["A+", "B+", "AB+", "O-"], "answer": 2, "difficulty": "easy", "img": "" },
  { "q": "¿Qué planeta es conocido por su Gran Mancha Roja?", "options": ["Saturno", "Urano", "Júpiter", "Neptuno"], "answer": 2, "difficulty": "easy", "img": "" },
  { "q": "El órgano de la audición es:", "options": ["Nariz", "Oído", "Lengua", "Piel"], "answer": 1, "difficulty": "easy", "img": "" },
  { "q": "La tabla periódica ordena los elementos por su:", "options": ["Masa atómica", "Número atómico", "Electronegatividad", "Radio iónico"], "answer": 1, "difficulty": "easy", "img": "" },
  { "q": "¿Qué fenómeno hace que los objetos floten en un fluido?", "options": ["Fricción", "Empuje", "Inercia", "Tensión"], "answer": 1, "difficulty": "easy", "img": "" },
  { "q": "El órgano visual del ser humano se llama:", "options": ["Oído", "Ojo", "Lengua", "Nariz"], "answer": 1, "difficulty": "easy", "img": "" },
  { "q": "¿Qué es un herbívoro?", "options": ["Come carne", "Come plantas", "Come ambos", "No come"], "answer": 1, "difficulty": "easy", "img": "" },
  { "q": "¿Qué forma de energía está asociada al movimiento?", "options": ["Potencial", "Cinética", "Química", "Elástica"], "answer": 1, "difficulty": "easy", "img": "" },
  { "q": "¿Cuál es el principal componente de los huesos?", "options": ["Quitina", "Celulosa", "Hidroxiapatita", "Queratina"], "answer": 2, "difficulty": "easy", "img": "" },
  { "q": "Las erupciones volcánicas ocurren por:", "options": ["Viento fuerte", "Fusión del hielo", "Magma ascendente", "Rayos"], "answer": 2, "difficulty": "easy", "img": "" },
  { "q": "¿Cuántos planetas tiene el sistema solar reconocidos oficialmente?", "options": ["7", "8", "9", "10"], "answer": 1, "difficulty": "easy", "img": "" },
  { "q": "Tipo de onda que necesita medio material:", "options": ["Electromagnética", "Gravitacional", "Mecánica", "Cuántica"], "answer": 2, "difficulty": "easy", "img": "" },
  { "q": "¿Qué biomolécula acelera reacciones químicas en organismos?", "options": ["Lípidos", "Enzimas", "ADN", "Vitaminas"], "answer": 1, "difficulty": "easy", "img": "" },
  { "q": "Las mareas son causadas principalmente por la gravedad de:", "options": ["Marte", "Sol", "Luna", "Júpiter"], "answer": 2, "difficulty": "easy", "img": "" },
  { "q": "¿Qué ciencia estudia los fósiles?", "options": ["Ecología", "Paleontología", "Geodesia", "Etnobotánica"], "answer": 1, "difficulty": "easy", "img": "" },
  { "q": "El cobre es un buen:", "options": ["Aislante", "Conductor", "Semiconductor", "Refrigerante"], "answer": 1, "difficulty": "easy", "img": "" },
  { "q": "¿Qué hace un catalizador?", "options": ["Detiene reacciones", "Aumenta la energía de activación", "Acelera reacciones", "Consume reactivos"], "answer": 2, "difficulty": "easy", "img": "" },
  { "q": "¿Cuál es el pH típico del jugo gástrico?", "options": ["Cercano a 1-2", "Cercano a 7", "Cercano a 9", "Cercano a 12"], "answer": 0, "difficulty": "easy", "img": "" },
  { "q": "Los glóbulos rojos transportan:", "options": ["Glucosa", "Oxígeno", "Ácidos grasos", "Hormonas tiroideas"], "answer": 1, "difficulty": "easy", "img": "" },
  { "q": "Una órbita elíptica tiene excentricidad:", "options": ["0", "Entre 0 y 1", "1", "Mayor que 1"], "answer": 1, "difficulty": "easy", "img": "" },
  { "q": "¿Qué es una especie endémica?", "options": ["Vive en todo el mundo", "Vive solo en una zona", "Vive bajo tierra", "Vive en el agua y en tierra"], "answer": 1, "difficulty": "easy", "img": "" },
  { "q": "¿Qué aparato mide la presión atmosférica?", "options": ["Termómetro", "Barómetro", "Higrómetro", "Anemómetro"], "answer": 1, "difficulty": "easy", "img": "" },
  { "q": "Principal gas de la estratosfera que absorbe UV:", "options": ["O3", "CO2", "N2O", "CH4"], "answer": 0, "difficulty": "easy", "img": "" },
  { "q": "El símbolo químico del hierro es:", "options": ["Ir", "Fe", "In", "Fr"], "answer": 1, "difficulty": "easy", "img": "" },
  { "q": "¿Qué tipo de energía aprovecha un panel fotovoltaico?", "options": ["Geotérmica", "Mecánica", "Solar", "Hidráulica"], "answer": 2, "difficulty": "easy", "img": "" },
  { "q": "Unidad SI de potencia:", "options": ["Joule", "Pascal", "Watt", "Ampere"], "answer": 2, "difficulty": "easy", "img": "" },
  { "q": "¿Qué mineral es la sal de mesa?", "options": ["Cuarzo", "Halita", "Calcita", "Yeso"], "answer": 1, "difficulty": "easy", "img": "" },

  { "q": "¿Qué órgano regula el equilibrio y la coordinación?", "options": ["Cerebelo", "Hipotálamo", "Tronco encefálico", "Hipocampo"], "answer": 0, "difficulty": "medium", "img": "" },
  { "q": "¿Cómo se llama la teoría que describe la expansión del universo?", "options": ["Estado estacionario", "Inflación eterna", "Big Bang", "Universo cíclico"], "answer": 2, "difficulty": "medium", "img": "" },
  { "q": "La presión se mide en el SI en:", "options": ["Bar", "Atm", "Pascal", "Torr"], "answer": 2, "difficulty": "medium", "img": "" },
  { "q": "¿Qué enlace une los nucleótidos del ADN a lo largo de la hebra?", "options": ["Puentes de hidrógeno", "Covalente fosfodiéster", "Iónico", "Metálico"], "answer": 1, "difficulty": "medium", "img": "" },
  { "q": "¿Cuál es la órbita estable de un electrón en el modelo de Bohr?", "options": ["Cualquier radio continuo", "Órbitas cuantizadas", "Trayectoria elíptica clásica", "No hay órbitas en Bohr"], "answer": 1, "difficulty": "medium", "img": "" },
  { "q": "La ley que relaciona presión y volumen a T constante es:", "options": ["Boyle", "Charles", "Gay-Lussac", "Avogadro"], "answer": 0, "difficulty": "medium", "img": "" },
  { "q": "¿Qué estructura celular es responsable del empaquetamiento del ADN en eucariotas?", "options": ["Histonas", "Ribosomas", "Lisosomas", "Peroxisomas"], "answer": 0, "difficulty": "medium", "img": "" },
  { "q": "¿Qué tipo de radiación tiene mayor energía?", "options": ["Infrarroja", "Ultravioleta", "Microondas", "Radio"], "answer": 1, "difficulty": "medium", "img": "" },
  { "q": "El número de Avogadro es aproximadamente:", "options": ["6,02×10^22", "6,02×10^23", "3,14×10^23", "9,81×10^23"], "answer": 1, "difficulty": "medium", "img": "" },
  { "q": "¿Qué hormona regula el metabolismo basal?", "options": ["Insulina", "Tiroxina (T4)", "Adrenalina", "Cortisol"], "answer": 1, "difficulty": "medium", "img": "" },
  { "q": "Los terremotos se miden en magnitud con:", "options": ["Escala de Beaufort", "Escala de Mercalli", "Magnitud de momento (Mw)", "Índice UV"], "answer": 2, "difficulty": "medium", "img": "" },
  { "q": "¿Qué partícula media la fuerza electromagnética?", "options": ["Gluón", "Gravitón", "Fotón", "W/Z"], "answer": 2, "difficulty": "medium", "img": "" },
  { "q": "Enzima que replica el ADN:", "options": ["ARN polimerasa", "ADN polimerasa", "Ligasa", "Primasa"], "answer": 1, "difficulty": "medium", "img": "" },
  { "q": "¿Qué es una mutación sinónima?", "options": ["Cambia aminoácido", "Introduce stop", "No cambia aminoácido", "Elimina exón"], "answer": 2, "difficulty": "medium", "img": "" },
  { "q": "La fotosíntesis libera:", "options": ["CO2", "O2", "N2", "CH4"], "answer": 1, "difficulty": "medium", "img": "" },
  { "q": "¿Qué científico formuló las leyes del movimiento?", "options": ["Einstein", "Newton", "Galileo", "Kepler"], "answer": 1, "difficulty": "medium", "img": "" },
  { "q": "¿Qué provoca las estaciones del año?", "options": ["Distancia al Sol", "Excentricidad extrema", "Inclinación del eje", "Actividad solar"], "answer": 2, "difficulty": "medium", "img": "" },
  { "q": "La electronegatividad mayor en la tabla periódica la tiene:", "options": ["Oxígeno", "Flúor", "Cloro", "Nitrógeno"], "answer": 1, "difficulty": "medium", "img": "" },
  { "q": "¿Cuál es el principal tampón sanguíneo?", "options": ["Fosfato", "Amoniaco", "Bicarbonato", "Citrato"], "answer": 2, "difficulty": "medium", "img": "" },
  { "q": "La deriva continental fue propuesta por:", "options": ["Hutton", "Wegener", "Lyell", "Hess"], "answer": 1, "difficulty": "medium", "img": "" },
  { "q": "¿Qué tipo de célula no tiene núcleo verdadero?", "options": ["Eucariota", "Procariota", "Arquea eucariota", "Protozoa"], "answer": 1, "difficulty": "medium", "img": "" },
  { "q": "Unidad SI de carga eléctrica:", "options": ["Watt", "Coulomb", "Volt", "Ohm"], "answer": 1, "difficulty": "medium", "img": "" },
  { "q": "¿Qué proceso produce ATP en ausencia de oxígeno?", "options": ["Ciclo de Krebs", "Glicólisis + fermentación", "Fosforilación oxidativa", "Beta-oxidación"], "answer": 1, "difficulty": "medium", "img": "" },
  { "q": "La constante de gravitación universal se simboliza con:", "options": ["k", "G", "ε0", "μ0"], "answer": 1, "difficulty": "medium", "img": "" },
  { "q": "¿Qué tipo de enlace une bases nitrogenadas entre hebras de ADN?", "options": ["Covalente", "Iónico", "Puentes de hidrógeno", "Metálico"], "answer": 2, "difficulty": "medium", "img": "" },
  { "q": "El principio de Arquímedes trata sobre:", "options": ["Inercia", "Empuje en fluidos", "Óptica geométrica", "Carga eléctrica"], "answer": 1, "difficulty": "medium", "img": "" },
  { "q": "¿En qué región del espectro se encuentra la luz visible?", "options": ["400–700 nm", "700–1000 nm", "200–350 nm", "1–10 μm"], "answer": 0, "difficulty": "medium", "img": "" },
  { "q": "¿Qué suceso marca el límite K-Pg?", "options": ["Glaciación", "Extinción dinosaurios no aviares", "Deriva masiva", "Formación del Himalaya"], "answer": 1, "difficulty": "medium", "img": "" },
  { "q": "¿Qué ley relaciona voltaje, corriente y resistencia?", "options": ["Faraday", "Ohm", "Kirchhoff", "Ampère"], "answer": 1, "difficulty": "medium", "img": "" },
  { "q": "La hemoglobina contiene:", "options": ["Magnesio", "Hierro", "Cobre", "Zinc"], "answer": 1, "difficulty": "medium", "img": "" },
  { "q": "¿Qué planeta tiene el día (rotación) más largo?", "options": ["Venus", "Mercurio", "Marte", "Urano"], "answer": 0, "difficulty": "medium", "img": "" },
  { "q": "Unidad SI de trabajo mecánico:", "options": ["Watt", "Joule", "Newton", "Tesla"], "answer": 1, "difficulty": "medium", "img": "" },
  { "q": "¿Qué polímero natural forma las paredes celulares vegetales?", "options": ["Quitina", "Celulosa", "Almidón", "Lignina pura"], "answer": 1, "difficulty": "medium", "img": "" },
  { "q": "El genotipo es:", "options": ["Lo observable", "La constitución genética", "El ambiente", "La proteína"], "answer": 1, "difficulty": "medium", "img": "" },
  { "q": "¿Qué planeta tiene más lunas conocidas?", "options": ["Júpiter", "Saturno", "Urano", "Neptuno"], "answer": 1, "difficulty": "medium", "img": "" },
  { "q": "¿Qué es un isótopo?", "options": ["Átomos con igual masa", "Átomos con igual protones y distinto neutrones", "Igual neutrones", "Diferente carga"], "answer": 1, "difficulty": "medium", "img": "" },
  { "q": "La ley de Kepler que relaciona períodos y semiejes mayores es la:", "options": ["Primera", "Segunda", "Tercera", "Cuarta"], "answer": 2, "difficulty": "medium", "img": "" },
  { "q": "¿Qué estructura permite el intercambio de gases en las hojas?", "options": ["Estomas", "Xilema", "Floema", "Cutícula"], "answer": 0, "difficulty": "medium", "img": "" },
  { "q": "¿Qué escala mide la dureza de minerales?", "options": ["Mohs", "Richter", "Beaufort", "pH"], "answer": 0, "difficulty": "medium", "img": "" },
  { "q": "Un ácido fuerte en agua:", "options": ["No se ioniza", "Se ioniza completamente", "Se ioniza parcialmente", "Precipita"], "answer": 1, "difficulty": "medium", "img": "" },
  { "q": "Las placas tectónicas flotan sobre:", "options": ["Litosfera", "Astenosfera", "Mesosfera", "Núcleo externo"], "answer": 1, "difficulty": "medium", "img": "" },
  { "q": "¿Qué órgano produce bilis?", "options": ["Vesícula", "Hígado", "Páncreas", "Estómago"], "answer": 1, "difficulty": "medium", "img": "" },
  { "q": "La unidad SI de campo magnético (B) es:", "options": ["Weber", "Tesla", "Gauss", "Henry"], "answer": 1, "difficulty": "medium", "img": "" },
  { "q": "¿Qué parte del cerebro regula hambre y sed?", "options": ["Corteza", "Hipotálamo", "Tálamo", "Amígdala"], "answer": 1, "difficulty": "medium", "img": "" },
  { "q": "La selección natural fue propuesta por:", "options": ["Mendel", "Darwin", "Lamarck", "Wallace solo"], "answer": 1, "difficulty": "medium", "img": "" },
  { "q": "¿Qué es la entropía?", "options": ["Desorden/disp. de energía", "Energía potencial", "Temperatura", "Trabajo útil"], "answer": 0, "difficulty": "medium", "img": "" },
  { "q": "El punto triple es:", "options": ["Donde coexisten 2 fases", "Donde coexisten 3 fases", "Máx. presión", "Min. temperatura"], "answer": 1, "difficulty": "medium", "img": "" },
  { "q": "Un vector tiene:", "options": ["Magnitud y dirección", "Solo magnitud", "Solo dirección", "No tiene unidades"], "answer": 0, "difficulty": "medium", "img": "" },
  { "q": "El grupo funcional –COOH corresponde a:", "options": ["Alcohol", "Cetona", "Ácido carboxílico", "Amina"], "answer": 2, "difficulty": "medium", "img": "" },
  { "q": "¿Qué proteína transporta oxígeno en los músculos?", "options": ["Actina", "Mioglobina", "Colágeno", "Queratina"], "answer": 1, "difficulty": "medium", "img": "" },
  { "q": "¿Qué tipo de célula del sistema inmune produce anticuerpos?", "options": ["Linfocito T", "Macrófago", "Linfocito B/plasmática", "Neutrófilo"], "answer": 2, "difficulty": "medium", "img": "" },
  { "q": "La aurora boreal se debe a:", "options": ["Viento solar y magnetosfera", "Microondas", "Rayos cósmicos neutrales", "Erupciones volcánicas"], "answer": 0, "difficulty": "medium", "img": "" },
  { "q": "¿Qué mide el índice de refracción?", "options": ["Velocidad de la luz en un medio", "Frecuencia", "Energía fotónica", "Amplitud"], "answer": 0, "difficulty": "medium", "img": "" },
  { "q": "El carbono tiene valencia típica de:", "options": ["2", "3", "4", "5"], "answer": 2, "difficulty": "medium", "img": "" },
  { "q": "La ley de Faraday se relaciona con:", "options": ["Inducción electromagnética", "Conservación de carga", "Potencial eléctrico", "Capacitancia"], "answer": 0, "difficulty": "medium", "img": "" },
  { "q": "¿Qué define a una especie biológica (concepto clásico)?", "options": ["Forma similar", "Hábitat común", "Intercruzamiento fértil", "Mismo nicho"], "answer": 2, "difficulty": "medium", "img": "" },
  { "q": "¿Qué causa la presión arterial alta crónica?", "options": ["Hipotensión", "Hipertensión", "Fiebre", "Hiponatremia"], "answer": 1, "difficulty": "medium", "img": "" },
  { "q": "En una reacción redox, el agente oxidante:", "options": ["Se oxida", "Se reduce", "No cambia", "Pierde electrones"], "answer": 1, "difficulty": "medium", "img": "" },
  { "q": "¿Qué es la homeostasis?", "options": ["Cambio evolutivo", "Equilibrio interno", "Crecimiento celular", "Respuesta inmune"], "answer": 1, "difficulty": "medium", "img": "" },
  { "q": "La probabilidad de dos eventos independientes A y B es:", "options": ["P(A)+P(B)", "P(A)P(B)", "P(A|B)", "1−P(A)"], "answer": 1, "difficulty": "medium", "img": "" },
  { "q": "Los vientos alisios soplan desde:", "options": ["Polos a ecuador", "Ecuador a polos", "Este a oeste en trópicos", "Oeste a este en trópicos"], "answer": 2, "difficulty": "medium", "img": "" },
  { "q": "El campo eléctrico de una carga puntual disminuye con:", "options": ["r", "r^2", "1/r", "1/r^2"], "answer": 3, "difficulty": "medium", "img": "" },
  { "q": "¿Qué técnica amplifica fragmentos de ADN?", "options": ["ELISA", "PCR", "Western blot", "HPLC"], "answer": 1, "difficulty": "medium", "img": "" },
  { "q": "¿Qué mide un sismógrafo?", "options": ["Viento", "Humedad", "Vibraciones sísmicas", "Presión"], "answer": 2, "difficulty": "medium", "img": "" },
  { "q": "La velocidad de escape depende de:", "options": ["Masa del planeta y radio", "Temperatura", "Presión", "Rotación solar"], "answer": 0, "difficulty": "medium", "img": "" },
  { "q": "Los alelos se refieren a:", "options": ["Genes distintos", "Variantes de un mismo gen", "Proteínas", "Cromosomas"], "answer": 1, "difficulty": "medium", "img": "" },

  { "q": "La ecuación de Schrödinger describe:", "options": ["Relatividad general", "Ondas de probabilidad cuántica", "Termodinámica", "Elasticidad"], "answer": 1, "difficulty": "hard", "img": "" },
  { "q": "¿Cuál es la unidad de la constante de Planck (h)?", "options": ["J·s", "J/K", "N·m", "C·V"], "answer": 0, "difficulty": "hard", "img": "" },
  { "q": "El efecto fotoeléctrico demuestra que la luz puede comportarse como:", "options": ["Onda estacionaria", "Partículas (fotones)", "Corriente continua", "Plasma"], "answer": 1, "difficulty": "hard", "img": "" },
  { "q": "¿Qué es el espacio de Hilbert?", "options": ["Espacio euclidiano 2D", "Espacio vectorial completo con producto interno", "Conjunto de matrices", "Espacio de fases clásico"], "answer": 1, "difficulty": "hard", "img": "" },
  { "q": "En termodinámica, dU = Q − W es la:", "options": ["2ª ley", "1ª ley", "3ª ley", "Ley cero"], "answer": 1, "difficulty": "hard", "img": "" },
  { "q": "El tensor de curvatura de Riemann aparece en:", "options": ["Ecuación de onda", "Relatividad general", "Maxwell", "Navier-Stokes"], "answer": 1, "difficulty": "hard", "img": "" },
  { "q": "La transición de fase de segundo orden se caracteriza por:", "options": ["Latente no nula", "Latente cero y discontinuidad en derivadas", "Histeresis fuerte", "Cambio de composición química"], "answer": 1, "difficulty": "hard", "img": "" },
  { "q": "¿Qué es un número cuántico magnético (m_l)?", "options": ["Orientación orbital", "Energía principal", "Spin intrínseco", "Paridad"], "answer": 0, "difficulty": "hard", "img": "" },
  { "q": "La constante dieléctrica del vacío es:", "options": ["μ0", "ε0", "k_B", "h"], "answer": 1, "difficulty": "hard", "img": "" },
  { "q": "En cinética, el orden de reacción describe:", "options": ["Mecanismo detallado", "Dependencia de velocidad con concentraciones", "Energía libre", "Cambio térmico"], "answer": 1, "difficulty": "hard", "img": "" },
  { "q": "Un potencial químico más bajo indica:", "options": ["Mayor tendencia a entrar", "Menor tendencia a entrar", "Equilibrio inestable", "Más entropía"], "answer": 0, "difficulty": "hard", "img": "" },
  { "q": "El equilibrio de Hardy–Weinberg asume:", "options": ["Selección fuerte", "Mutación alta", "Apareamiento aleatorio y gran población", "Migración constante"], "answer": 2, "difficulty": "hard", "img": "" },
  { "q": "¿Qué son los intrones?", "options": ["Secuencias codificantes", "Secuencias no codificantes removidas del pre-ARNm", "Promotores", "Operones"], "answer": 1, "difficulty": "hard", "img": "" },
  { "q": "Una hélice alfa es una estructura:", "options": ["Primaria", "Secundaria", "Terciaria", "Cuaternaria"], "answer": 1, "difficulty": "hard", "img": "" },
  { "q": "El balance de nitrógeno en ecosistemas depende sobre todo de:", "options": ["Fotosíntesis", "Fijación y nitrificación/desnitrificación", "Evapotranspiración", "Sedimentación"], "answer": 1, "difficulty": "hard", "img": "" },
  { "q": "El número de Reynolds compara:", "options": ["Inercia vs viscosidad", "Presión vs volumen", "Calor vs trabajo", "Gravedad vs empuje"], "answer": 0, "difficulty": "hard", "img": "" },
  { "q": "Un plasmón es:", "options": ["Cuasipartícula de vibración de red", "Oscilación colectiva de electrones", "Excitación magnética nuclear", "Fermión masivo"], "answer": 1, "difficulty": "hard", "img": "" },
  { "q": "En espectrometría de masas, el m/z corresponde a:", "options": ["Momento", "Masa/carga", "Energía cinética", "Frecuencia"], "answer": 1, "difficulty": "hard", "img": "" },
  { "q": "La paradoja del gato de Schrödinger ilustra:", "options": ["Decoherencia y superposición", "Indeterminismo clásico", "Entropía negativa", "Simetría CPT"], "answer": 0, "difficulty": "hard", "img": "" },
  { "q": "Un diagrama de fases muestra:", "options": ["Energía vs tiempo", "Fases en función de P y T", "Velocidad vs posición", "Entropía vs volumen"], "answer": 1, "difficulty": "hard", "img": "" },
  { "q": "Los CRISPR-Cas sirven para:", "options": ["Edición genética", "Síntesis proteica", "Transcripción", "Traducción"], "answer": 0, "difficulty": "hard", "img": "" },
  { "q": "En electroquímica, el ánodo en una celda galvánica:", "options": ["Se reduce", "Se oxida", "No hay reacción", "Cambia de signo"], "answer": 1, "difficulty": "hard", "img": "" },
  { "q": "La estabilidad de una proteína depende más de:", "options": ["Puentes disulfuro y efectos hidrofóbicos", "Solo puentes de H", "Solo iónicos", "Solo van der Waals"], "answer": 0, "difficulty": "hard", "img": "" },
  { "q": "El teorema de Noether relaciona simetrías con:", "options": ["Conservación", "Inestabilidad", "Roturas espontáneas", "Fluctuaciones cuánticas"], "answer": 0, "difficulty": "hard", "img": "" },
  { "q": "Una supernova tipo Ia se origina por:", "options": ["Colapso de estrella masiva", "Acreción en enana blanca hasta límite de Chandrasekhar", "Choque de neutrones", "Fusión de agujeros negros"], "answer": 1, "difficulty": "hard", "img": "" },
  { "q": "El campo de Higgs otorga:", "options": ["Carga eléctrica", "Masa a partículas", "Spin", "Color"], "answer": 1, "difficulty": "hard", "img": "" },
  { "q": "En mecánica estadística, la distribución de Maxwell–Boltzmann aplica a:", "options": ["Fotones", "Bosones a T baja", "Partículas clásicas distinguibles", "Fermiones degenerados"], "answer": 2, "difficulty": "hard", "img": "" },
  { "q": "La ecuación de Bernoulli se aplica a:", "options": ["Flujos compresibles relativistas", "Flujos laminares incompresibles ideales", "Sólidos elásticos", "Plasmas"], "answer": 1, "difficulty": "hard", "img": "" },
  { "q": "La constante cosmológica Λ representa:", "options": ["Densidad de materia", "Curvatura espacial", "Energía del vacío", "Radiación"], "answer": 2, "difficulty": "hard", "img": "" },
  { "q": "El splicing alternativo permite:", "options": ["Mutación dirigida", "Múltiples proteínas desde un gen", "Reparación por escisión", "Traducción más rápida"], "answer": 1, "difficulty": "hard", "img": "" },
  { "q": "En RMN, el desplazamiento químico se mide en:", "options": ["Hz", "ppm", "Tesla", "Gauss"], "answer": 1, "difficulty": "hard", "img": "" },
  { "q": "Un líquido no newtoniano presenta:", "options": ["Viscosidad constante", "Viscosidad dependiente de la tasa de cizalla", "Compresibilidad alta", "Tensión superficial nula"], "answer": 1, "difficulty": "hard", "img": "" },
  { "q": "El principio de incertidumbre establece Δx·Δp ≥", "options": ["h", "ħ/2", "k_B T", "c"], "answer": 1, "difficulty": "hard", "img": "" },
  { "q": "El efecto Doppler en astronomía permite medir:", "options": ["Tamaño", "Temperatura", "Velocidad radial", "Luminosidad absoluta"], "answer": 2, "difficulty": "hard", "img": "" },
  { "q": "Los priones son:", "options": ["Virus de ARN", "Proteínas mal plegadas infecciosas", "Bacterias pequeñas", "Plásmidos"], "answer": 1, "difficulty": "hard", "img": "" },
  { "q": "La ecuación de Henderson–Hasselbalch relaciona:", "options": ["pH, pKa y relación base/ácido", "pH y Kw", "pH y pOH", "pKa y Ka"], "answer": 0, "difficulty": "hard", "img": "" },
  { "q": "La magnetorresistencia gigante permitió:", "options": ["LEDs azules", "Discos duros de alta densidad", "Baterías Li-S", "Superconductores HTS"], "answer": 1, "difficulty": "hard", "img": "" },
  { "q": "En teoría de juegos, un equilibrio de Nash es:", "options": ["Máximo global", "Estrategia dominante única", "Nadie mejora unilateralmente", "Cooperación óptima"], "answer": 2, "difficulty": "hard", "img": "" },
  { "q": "La ecuación de Navier–Stokes describe:", "options": ["Campos electromagnéticos", "Fluidos viscosos", "Sólidos cristalinos", "Difusión cuántica"], "answer": 1, "difficulty": "hard", "img": "" },
  { "q": "El límite de Rayleigh en microscopía óptica depende de:", "options": ["Longitud de onda y apertura numérica", "Voltaje", "Índice de refracción del aire", "Campo magnético"], "answer": 0, "difficulty": "hard", "img": "" },
  { "q": "El equilibrio de Le Châtelier predice:", "options": ["Velocidad de reacción", "Dirección del cambio ante perturbaciones", "Constante de equilibrio", "Energía interna"], "answer": 1, "difficulty": "hard", "img": "" },
  { "q": "Los exoplanetas se detectan con mayor frecuencia por:", "options": ["Imagen directa", "Tránsitos", "Microlentes", "Astrometría"], "answer": 1, "difficulty": "hard", "img": "" },
  { "q": "La fotosíntesis C4 es ventajosa en:", "options": ["Climas fríos", "Altas temperaturas y baja CO2", "Ambientes acuáticos", "Sombras profundas"], "answer": 1, "difficulty": "hard", "img": "" },
  { "q": "En superconductividad, el efecto Meissner es la:", "options": ["Expulsión de campo magnético", "Resistencia nula solo AC", "Coherencia óptica", "Rotura de simetría gauge"], "answer": 0, "difficulty": "hard", "img": "" },
  { "q": "La diana de los antibióticos betalactámicos es:", "options": ["Ribosomas 70S", "Síntesis de pared peptidoglucano", "Topoisomerasas", "Membrana interna"], "answer": 1, "difficulty": "hard", "img": "" },
  { "q": "El principio de exclusión de Pauli establece que:", "options": ["Bosones comparten estado", "Fermiones no comparten mismos números cuánticos", "Energía mínima nula", "Spin siempre entero"], "answer": 1, "difficulty": "hard", "img": "" },
  { "q": "La energía libre de Gibbs negativa indica:", "options": ["No espontánea", "Espontánea a T y P constantes", "Equilibrio", "Exergónica imposible"], "answer": 1, "difficulty": "hard", "img": "" },
  { "q": "El ciclo de Calvin ocurre en:", "options": ["Estroma del cloroplasto", "Membrana tilacoidal", "Mitocondria", "Citoplasma"], "answer": 0, "difficulty": "hard", "img": "" },
  { "q": "La señalización por receptores tirosina quinasa inicia con:", "options": ["Fosforilación de serina", "Dimerización y autofosforilación", "Ubiquitinación", "Acetilación"], "answer": 1, "difficulty": "hard", "img": "" },
  { "q": "Los pulsos de gamma GRB largos se asocian con:", "options": ["Flares solares", "Colapso de estrellas masivas", "Fusión de enanas blancas", "Acreción en agujeros negros supermasivos"], "answer": 1, "difficulty": "hard", "img": "" },
  { "q": "La ley de Stokes para esferas pequeñas relaciona fuerza viscosa con:", "options": ["v^2", "v", "1/v", "Constante"], "answer": 1, "difficulty": "hard", "img": "" },
  { "q": "En química orgánica, una reacción SN1 procede vía:", "options": ["Concertado", "Carbocatión intermedio", "Radical libre", "Adición sin"], "answer": 1, "difficulty": "hard", "img": "" },
  { "q": "El parámetro q en cosmología describe:", "options": ["Curvatura espacial", "Desaceleración/aceleración de la expansión", "Densidad de radiación", "Tasa de formación estelar"], "answer": 1, "difficulty": "hard", "img": "" },
  { "q": "Una proteína chaperona facilita:", "options": ["Degradación", "Plegamiento correcto", "Traducción", "Glucosilación"], "answer": 1, "difficulty": "hard", "img": "" },
  { "q": "La entalpia de formación estándar del elemento en su estado estándar es:", "options": [">0", "<0", "0", "Infinita"], "answer": 2, "difficulty": "hard", "img": "" },
  { "q": "Una onda evanescente aparece en:", "options": ["Reflexión total interna", "Difracción", "Dispersión Rayleigh", "Interferencia constructiva"], "answer": 0, "difficulty": "hard", "img": "" }
]
